model,dataset,n,method,seed,correct,total_tokens,accuracy_percent,mean_tokens,compression_vs_unsteered_percent,accuracy_vs_rebalance_pp
1p5b,math500,500,unsteered,42,422,2230427,84.4,4460.854,0.0,2.2
1p5b,math500,500,rebalance,42,411,1777101,82.2,3554.202,20.3246284231674,0.0
1p5b,math500,500,full,42,399,1469014,79.8,2938.028,34.13754406667423,-2.4
1p5b,gsm8k,1319,unsteered,42,1030,1547406,78.08946171341925,1173.1660348749053,0.0,-0.9097801364670205
1p5b,gsm8k,1319,rebalance,42,1042,1116344,78.99924184988627,846.3563305534495,27.857071770433873,0.0
1p5b,gsm8k,1319,full,42,1024,937813,77.63457164518574,711.0030326004548,39.39450926259818,-1.3646702047005308
7b,math500,500,unsteered,42,459,1921026,91.8,3842.052,0.0,-0.2
7b,math500,500,rebalance,42,460,1617065,92.0,3234.13,15.822846749601515,0.0
7b,math500,500,full,42,458,1320138,91.6,2640.276,31.279534998485182,-0.4
7b,gsm8k,1319,unsteered,42,1191,1562817,90.29567854435179,1184.849886277483,0.0,0.6823351023502654
7b,gsm8k,1319,rebalance,42,1182,1326115,89.61334344200152,1005.3942380591357,15.14585520889522,0.0
7b,gsm8k,1319,full,42,1196,1056250,90.67475360121304,800.7960576194087,32.41371190612848,1.061410159211524
1p5b,amc23,40,unsteered,42,26,294215,65.0,7355.375,0.0,0.0
1p5b,amc23,40,rebalance,42,26,271052,65.0,6776.3,7.872814098533388,0.0
1p5b,amc23,40,full,42,27,186321,67.5,4658.025,36.671821627041446,2.5
7b,amc23,40,unsteered,42,35,236431,87.5,5910.775,0.0,-2.5
7b,amc23,40,rebalance,42,36,197190,90.0,4929.75,16.59723132753319,0.0
7b,amc23,40,full,42,33,158522,82.5,3963.05,32.952108649035026,-7.5
1p5b,aime2025,30,unsteered,42,7,326051,23.333333333333332,10868.366666666667,0.0,-3.3333333333333335
1p5b,aime2025,30,rebalance,42,8,292830,26.666666666666668,9761.0,10.188896829023687,0.0
1p5b,aime2025,30,full,42,5,194544,16.666666666666668,6484.8,40.333260747551755,-10.0
7b,aime2025,30,unsteered,42,9,336501,30.0,11216.7,0.0,-10.0
7b,aime2025,30,rebalance,42,12,291731,40.0,9724.366666666667,13.304566702624953,0.0
7b,aime2025,30,full,42,11,220803,36.666666666666664,7360.1,34.382661567127585,-3.3333333333333335
